0,1,2,3,4,5,6,7,8,9,10,11,12,13,14,15,16,17,18,19,20,21,22,23,24,25
|__STATES,|__DISTRICTS,|__AWARENESS_OF_RTISTI_AND_HIVAIDS_percent_-_WOMEN_WHO_HAVE_HEARD_OF_RTISTI,|__AWARENESS_OF_RTISTI_AND_HIVAIDS_percent_-_WOMEN_WHO_HAVE_HEARD_OF_HIVAIDS,|__AWARENESS_OF_RTISTI_AND_HIVAIDS_percent_-_WOMEN_WHO_HAVE_ANY_SYMPTOMS_OF_RTISTI,|__AWARENESS_OF_RTISTI_AND_HIVAIDS_percent_-_WOMEN_WHO_KNOW_THE_PLACE_TO_GO_FOR_TESTING_OF_HIVAIDS12,|__AWARENESS_OF_RTISTI_AND_HIVAIDS_percent_-_WOMEN_UNDERWENT_TEST_FOR_DETECTING_HIVAIDS12,|__CHARACTERISTICS_OF_WOMEN_percent_-_CURRENTLY_MARRIED_WOMEN_WHO_ARE_ILLITERATE,|__CHARACTERISTICS_OF_WOMEN_percent_-_CURRENTLY_MARRIED_WOMEN_WITH_10_OR_MORE_YEARS_OF_SCHOOLING,|__MARRIAGE_-_MEAN_AGE_AT_MARRIAGE_FOR_GIRLS_MARRIAGES_THAT_OCCURRED_DURING_THE_REFERENCE_PERIOD,|__MARRIAGE_-_MEAN_AGE_AT_MARRIAGE_FOR_BOYS_MARRIAGES_THAT_OCCURRED_DURING_THE_REFERENCE_PERIOD,|__MARRIAGE_-_PERCENTAGE_OF_CURRENTLY_MARRIED_WOMEN_MARRIED_BELOW_AGE_18_YEARS_MARRIAGES_THAT_OCCURRED_DURING_THE_REFERENCE_PERIOD,|__MARRIAGE_-_PERCENTAGE_OF_CURRENTLY_MARRIED_MEN_MARRIED_BELOW_AGE_21_YEARS_MARRIAGES_THAT_OCCURRED_DURING_THE_REFERENCE_PERIOD,|__UTILIZATION_OF_GOVERNMENT_HEALTH_SERVICES_percent_-_ANTENATAL_CARE,|__UTILIZATION_OF_GOVERNMENT_HEALTH_SERVICES_percent_-_TREATMENT_FOR_PREGNANCY_COMPLICATIONS,|__UTILIZATION_OF_GOVERNMENT_HEALTH_SERVICES_percent_-_TREATMENT_FOR_POST-DELIVERY_COMPLICATIONS,|__UTILIZATION_OF_GOVERNMENT_HEALTH_SERVICES_percent_-_TREATMENT_FOR_CHILDREN_WITH_DIARRHOEA13,|__UTILIZATION_OF_GOVERNMENT_HEALTH_SERVICES_percent_-_TREATMENT_FOR_CHILDREN_WITH_ARI13,|__PERCENTAGE_OF_PREGNANCY_RESULTED_IN_-_LIVE_BIRTH,|__PERCENTAGE_OF_PREGNANCY_RESULTED_IN_-_STILL_BIRTH,|__PERCENTAGE_OF_PREGNANCY_RESULTED_IN_-_INDUCED_ABORTION,|__PERCENTAGE_OF_PREGNANCY_RESULTED_IN_-_SPONTANEOUS_ABORTION,|__PERCENTAGE_OF_HOUSEHOLDS_-_HAVING_ELECTRICITY,|__PERCENTAGE_OF_HOUSEHOLDS_-_IMPROVED_SOURCE_OF_DRINKING_WATER1,|__PERCENTAGE_OF_HOUSEHOLDS_-_HAVING_ACCESS_TO_IMPROVED_TOILET_FACILITY,|__PERCENTAGE_OF_HOUSEHOLDS_-_USE_CLEAN_FUEL_FOR_COOKING2
Andaman and Nicobar Islands,North & Middle Andamans,6.9,61,11.8,40.9,30.9,12.5,37,20,27.4,19.6,4.2,100,100,100,100,100,97.5,1,0.5,1,92.5,92.9,49,29.3
Andaman and Nicobar Islands,South Andaman,6.1,74.4,28.1,73.2,44.7,8.9,59.8,21.1,24.5,5.1,4.1,93.9,85.5,76.9,40,83.3,95.9,0.5,0.5,3.2,97.8,94.7,87.9,69.7
Andaman and Nicobar Islands,Nicobars,8,56.8,9.5,62.2,37.2,21.6,40,22.5,25.7,7.7,5.3,100,100,100,100,100,97.7,1.7,0,0.6,97.1,73.7,98,37.2
Andhra Pradesh,Srikakulam,9.7,69,4.6,33.7,28.8,37.7,38,21.1,26.3,4.3,8,45.1,23.5,30.8,42.9,36.4,96.9,0.8,0,2.4,98.8,84.7,53.6,51.5
Andhra Pradesh,Vizianagaram,22.7,77.5,10.4,66.7,43.7,41.4,31.4,20.07,25.14,11.4,9,63,68.3,59.4,50,26.1,99.1,0,0,0.9,98.4,97.5,45.5,60.4
Andhra Pradesh,Visakhapatnam,21.3,80.8,15.6,59.8,39.2,45.5,34.2,20.1,25,17.8,13.4,64.7,56,51.7,66.7,53.3,98.4,0.5,0.2,0.9,96.2,95.7,57.4,56.7
Andhra Pradesh,East Godavari,31.4,90.9,5.9,68.8,50.5,42.6,34.2,20.4,24.4,12.7,18.1,50.1,28.6,41.5,50,16.7,98.6,0.6,0,0.8,98.6,98.9,66.4,57.1
Andhra Pradesh,West Godavari,27.5,77.2,90.4,62.9,43.5,36.9,29.1,19.6,22.9,14.7,14.6,51.1,49.3,50,75,54.5,95.9,1.2,1.8,1.2,99.2,99.2,79.4,67.8
Andhra Pradesh,Krishna,28.9,84.4,18.6,67.5,45,38.5,35.8,19.3,23.2,14,11,45.6,39.7,38.1,81.8,88.2,100,0,0,0,98.9,97.8,75.2,74
Andhra Pradesh,Guntur,16.4,87.1,6.3,64.3,45,51.6,23.1,19.3,23.5,22.1,15.7,37.5,27.9,50,44.4,14.3,96.7,0.9,0.2,2.2,99.1,97.6,68.9,68.1
Andhra Pradesh,Prakasam,18.7,90,10.2,62.9,46.2,43.6,30.9,20.4,24.4,14.3,10.8,26.3,37.5,61.1,66.7,57.1,98.5,0,0.9,0.6,99.2,99,70.3,73.9
Andhra Pradesh,Nellore,15.6,81.9,12.8,70,48.8,34.4,29.8,20.3,24.2,14.4,14.4,28.4,27.2,26.3,25,11.8,96.9,0.7,1.1,1.3,98.1,99.1,53,50
Andhra Pradesh,Cuddapah,17.3,80,5.1,67.1,44.2,49.3,25.8,19.7,24.6,17.5,13.2,22,12.7,23.3,50,57.1,93.7,1,0.7,4.7,99.3,99.7,57.6,58.9
Andhra Pradesh,Kurnool,9.3,59.4,5.9,47.9,35.8,58.5,19.4,19.6,23.5,19.5,21.7,45,25.3,30.4,19,16.7,97,0.5,0.5,1.9,99.3,97.9,50.6,46.2
Andhra Pradesh,Anantapur,23.3,71,7.8,58.6,45.5,49.3,26.7,25.1,19.4,19.4,10.4,55.2,45.9,31.3,70,50,96.7,1,1,1.4,99.2,98.6,51.2,50.6
Andhra Pradesh,Chittoor,30.1,73.7,9.7,61.2,58.1,36.5,39.2,21.3,26.2,8.3,9.4,64.1,50,39.3,72.7,38.9,98.4,0,0.5,1.2,98.8,99.7,52.2,59.8
Arunachal Pradesh,Tawang,14.5,66.4,10.3,39,12.5,67.3,12,23,24.8,3.1,8.1,96.9,92.9,81.8,0,0,96.9,0.8,0.6,1.7,97.9,95,58,36.5
Arunachal Pradesh,West Kameng,11.6,64,15.6,44.7,24.5,48.1,19.5,21.2,24.2,11.3,21.8,94.9,90.9,64.3,0,0,95.5,0.5,2,2,95.4,94.9,65,50.5
Arunachal Pradesh,East Kameng,19.5,78.4,21,41.3,10.6,58.3,15.5,19.8,24.6,26.5,27.8,87.4,100,66.7,0,0,99,0,0.5,0.5,46.2,96,56.1,33.1
Arunachal Pradesh,Papumpare,33.6,86.9,18.8,52.1,28.3,31.2,37.9,21.5,24.1,15.6,25.9,74.1,69.8,75,0,0,96.9,0.6,1.9,0.6,98.4,91.2,80.8,71.1
Arunachal Pradesh,Lower Subansiri,13.9,81.2,24.6,60.6,25.4,35.3,27.8,22,24.5,7.4,15.6,83.6,82.3,73.5,0,0,98.2,0.7,0.9,0.2,99.3,97.1,76.3,32.9
Arunachal Pradesh,Upper Subansiri,12.4,67.4,14.6,41.8,12.9,42.8,15.5,19.3,23.6,23,30.8,90.5,75.7,60,0,0,95.2,0.8,1.6,2.4,80.2,85.3,50.6,29.2
Arunachal Pradesh,West Siang,18.3,76.5,17.6,47.2,27.9,33.6,19.7,23,25.7,6.5,18.5,90.1,81.4,73.3,0,0,97,0.7,0.9,1.4,94.7,96.5,76.6,34.7
Arunachal Pradesh,East Siang,21.5,80,16.9,51.2,21.7,32.4,29.3,22.1,25.2,10.8,22.7,93.1,90,90,0,0,98.5,0.3,0.9,0.3,96.2,94,69.7,31.1
Arunachal Pradesh,Upper Siang,21.6,60.6,9.9,29,8.9,52.4,13.2,22.4,25.9,24,5,96.9,100,100,0,0,98.3,0.9,0.3,0.6,80,96.3,53.3,9.6
Arunachal Pradesh,Dibang Valley,16.3,77.8,18.9,43.4,15.5,48.9,18.5,22.4,25.5,5.7,11.7,97.6,85.2,78.6,0,0,99.2,0.4,0,0.4,96,97.7,60.8,19.3
Arunachal Pradesh,Lohit,10,66.2,24.1,50.2,20.1,45.1,20.6,20.8,24.5,23.8,18.8,95.1,93.8,64.9,0,0,92.3,1.5,3.6,2.6,72.8,94.3,66.9,27.3
Arunachal Pradesh,Changlang,7.7,48.6,20.5,41.7,15.5,53.1,16.1,20.3,23.7,25.3,22.5,93.2,94.7,76.2,0,0,98.5,0.4,0,1.1,70,78,75.7,28.7
Arunachal Pradesh,Tirap,13,65.1,31.1,64.2,23.7,53.4,16.6,21.9,24.9,2.5,13,90.6,77.2,75,0,0,95.2,1.2,1.8,1.8,79,58.2,49.5,19.2
Arunachal Pradesh,Kurung Kumey,6.1,61.4,12.1,25.3,13.9,65.1,6.9,20.4,24.3,11.9,19.6,73.2,63.6,100,0,0,99.5,0.3,0.3,0,85.5,84.2,38.1,14.6
Arunachal Pradesh,Lower Dibang Valley,22,74.1,28.1,45.2,13.6,50.8,20.6,21.6,24.1,20,15.1,95.5,84.2,84.4,0,0,95.9,1.9,0,2.2,69.8,96.2,58.3,34.6
Arunachal Pradesh,Anjaw,3.8,41.4,16.9,37.6,19.7,66,10.7,19.4,23.3,15.9,30.3,89.8,76.5,100,0,0,97.8,1.7,0.6,0,73.6,92.3,30.4,12.1
Goa,North Goa,9.6,85.5,8,74.5,44.6,6.4,56.8,25.2,30.1,0,1.6,66.7,50,37.5,40,60,97.5,0.3,0,2.2,98,93.9,87.5,84.9
Goa,South Goa,15.3,79,4.8,63.8,55.4,13.3,59.2,25.8,29.2,0,2.2,49.5,27.3,38.5,100,33.3,92.9,0.3,1.4,5.4,99.7,98.8,86.6,81.3
Haryana,Panchukala,55.3,81.2,7.2,43.5,17.4,18.2,56.7,22.5,26,0,8.7,80.4,70.5,69.4,40,63.6,93.1,0.3,1,5.6,98.9,99.7,89.8,77.7
Haryana,Ambala ,24,56.1,4.4,30,9.1,21.4,44.6,21.9,24.5,0.8,6.1,76.4,51.7,66.7,100,100,96.4,0.4,1.3,1.8,99.2,99.6,84.9,64.8
Haryana,Yamunanagar,10.8,52.1,10.4,41.5,17.5,30.1,34.3,21.5,24,2.8,13.9,59.1,31.9,37.8,20,5.6,94.1,1.5,1.2,3.3,98.6,99.6,73.9,51.7
Haryana,Kuruksherta,17.1,54.1,6.2,37.5,13.4,33.7,36.1,21.9,24.5,1.3,10.3,52.1,36.4,28.1,44.4,33.3,92.7,1.4,0.3,5.6,99.6,99.8,75.7,61.6
Haryana,kaithal,42.9,66.6,9.5,49.6,28.3,36.2,30.6,21.2,24.1,4.3,17.5,78.9,44.7,44,0,40.7,91.2,2,1.1,5.6,91.9,99.6,75.7,39.7
Haryana,Karnal,8.6,52,11.5,35.2,12.1,35.8,31.6,20.9,23.3,4.5,17.5,51.6,44,37.2,26.5,31.3,90.6,2.1,2.1,5.2,99.5,99.6,83.4,56.4
Haryana,Panipat,6.9,50.5,21.8,31,8,34.3,36.4,20.7,23.5,11.2,19.9,28.5,15.2,16.7,13.3,14.3,90.5,1.4,1.2,6.9,98.2,98.3,84.2,60.7
Haryana,Sonipat,8.7,46.2,18.5,24.5,12.1,28.1,48.3,20.8,24.2,3.4,10.7,48.9,32,37,13.8,27.3,91.3,2.3,2.4,4,98.1,97.8,82.2,45.5
Haryana,Jind,33.1,50.1,4.2,51.8,20.4,38.3,37.8,20.9,24,4.8,17,63.8,41.9,52,0,28.6,90.7,1.8,0.5,7,87.8,96.4,81,32.9
Haryana,Fatehabad,13.5,49.4,12.8,46.9,11.5,35.5,37.9,20,23,10.2,20.4,60,38,29.3,14.3,22.2,94.1,2.2,1.3,2.4,96.3,98.6,90.9,44.7
Haryana,Sirsa,30.1,53.3,18.3,52.4,6.2,35.9,32.2,20.7,23.6,5.9,18.4,48.7,34.7,30.8,0,11.1,92.3,1.3,2.6,3.3,97.7,99.2,90.2,39
Haryana,Hisar,39.5,58.4,9.5,55.7,4.3,42.2,30.6,20.1,24.1,11.3,15.8,68.2,25.7,29.7,5.9,18.8,89.7,1.9,2.8,5.6,98.3,99.1,88.7,32.8
Haryana,Bhiwani,34.9,56.6,9.8,57.3,7.8,32.3,36.7,20.8,23.7,6.9,20.4,73.7,35.5,38.2,33.3,20,87.7,1.6,3.4,7.3,99,98.3,87.7,37.3
Haryana,Rohtak,21.7,55.1,9.8,57.3,7.8,22.6,50,20.9,24.3,4.5,11.7,71,40.3,55,50,73.7,88.5,2.1,1.6,7.8,98.4,96.5,86.5,47
Haryana,Jhajjar,45.9,62.9,29,40.6,15.6,22.9,50.4,20.9,24.4,4.5,13.3,71.5,54.8,51.7,50,60,90.6,1.7,1.9,5.8,99.4,97.4,84,44.2
Haryana,Mahendragarh,21.8,44.7,5.6,53.5,11.4,28.1,41.3,20.7,24,5.8,17,76.9,48.8,17.6,16.7,20,86.4,1,2.4,10.3,96.7,98.9,77.3,37.8
Haryana,Rewari,26.2,57.6,12.5,16.4,4.4,29,39.8,21.3,24.1,3.2,13.2,70.9,35.9,28.6,60,33.3,94.8,1,0.5,3.6,98.4,99.3,90.6,67.3
Haryana,Gurgaon,36.8,55.1,14.4,47.9,15.6,23.2,53.9,20.5,24,7.8,16.5,0,41.7,60,66.7,38.5,97.5,1.4,0.2,0.9,99.1,99.5,93.4,72.9
Haryana,Faridabad,33.5,52.6,10,45.7,15.4,37.2,41.6,20.4,23.5,11.4,24.3,59.9,40.7,12.5,50,0,97.6,0.5,0.8,1.1,99.6,99.7,93.6,62
Haryana,Mewat,17,28.5,8.3,24.2,4.9,59.5,19.5,19.7,21.7,10.6,37.2,73.8,46,35.5,33.3,20,94.4,1.4,0,4.3,98.9,99.3,70.6,43.1
Haryana,Palwal,16,35,6,19.4,5.8,49.2,29.1,20.8,22.8,7.8,25.3,53,18.2,41.7,11.1,16.7,95.1,1.3,0.6,2.9,97.5,98.9,79.9,51.7
Himachal Pradesh,Chamba,27.6,72.6,14.3,40.8,23.2,13.3,47.5,22.6,26.6,0,1.2,92.7,100,100,100,71.4,100,0,0,0,99.3,97.5,86.1,43.5
Himachal Pradesh,Kangra,21,69.6,13,31.6,23.3,8.4,62.3,22.1,27.4,0,0,90.1,92.1,76.5,83.3,71.4,99.3,0.7,0,0,100,98.5,72.7,31.3
Himachal Pradesh,Lahul & Spiti,63.3,89.2,11,75.6,53.8,18.9,50,23.1,25.5,0,5.4,96.7,100,100,0,0,100,0,0,0,99.8,62.1,89.2,36.7
Himachal Pradesh,Kullu,46.7,80.5,11.3,64.1,35.4,19.8,46.9,21.2,24.7,3.6,8.2,92.9,95.2,100,100,80,96.7,0.8,0,2.4,99.8,98.5,89.6,29.4
Himachal Pradesh,Mandi,23.4,71.3,12.7,46.9,19.8,11.2,55.5,20.3,26.4,0,2.4,96.7,94.4,100,100,100,97.5,0,1.6,0.8,99.7,99.7,92.3,40
Himachal Pradesh,Hamirpur,22.2,77.6,25,58.3,31.4,1.5,66.4,21.3,27.3,0,0.8,94.4,95.2,96.8,90,92.8,96.7,0.5,1.4,1.4,99.7,98.8,97.1,28.5
Himachal Pradesh,Una,30.5,86.6,17.6,68.3,53.7,5,44.2,22.7,27,0,0,78.7,69.7,67.4,66.7,42.8,95,0.9,1.8,2.4,100,97.8,81.8,20.7
Himachal Pradesh,Bilaspur,21.9,75,17.8,66.5,42.8,7.7,59.6,23.2,27,0,1,92,86.2,83.3,83.3,100,99.2,0,0,0.8,100,98.1,93.6,27.5
Himachal Pradesh,Solan,16,69.2,16,58.6,40.5,11.2,53.1,23.1,24.9,0,3.8,90.1,79.2,83.3,100,66.7,98.9,0.5,0,0.5,99.1,98.5,92.5,45.3
Himachal Pradesh,Sirmaur,18.2,55.6,17,40.5,28.6,26.5,32.9,23.3,24.2,0,8.9,88.8,87.2,84.6,100,80,98.1,1.1,0,0.7,99.8,98,78.6,34.8
Himachal Pradesh,Shimla,20.1,77.7,5.3,62.7,36.9,15.3,52.3,22.8,26.6,2.8,2.4,87.8,100,100,0,80,98.3,0,0.8,0.8,99.9,99.2,85.1,51.9
Himachal Pradesh,Kinnaur,39.2,68.2,20.3,60.1,42.7,21.6,43.8,21.9,27.1,0,4.6,93.9,90,85.7,80,0,96.1,0,2,2,99.8,96.2,82.6,22.3
Karnataka,Belgaum,16.4,69.9,14.7,69.4,57.2,28.4,35.9,19.6,25.6,27,7.4,55.5,33.7,42.6,19.2,18.9,95.7,1.1,0.8,2.4,94.6,98.6,42.2,39.3
Karnataka,Bagalkot,12.3,66.5,2,74.5,47.9,38.5,26.3,19.1,25.1,25.2,10.1,54.4,18.5,20.8,15.4,21.1,94.5,1.8,0.7,3,94.3,98.5,26.7,24.3
Karnataka,Bijapur,17.2,52.4,13.6,66.2,54.9,42.2,28.2,19.5,24.6,24.2,11.8,45.9,33.7,38.5,28.1,28.3,98.3,0.9,0.8,0.1,89.2,96.5,21.1,27.4
Karnataka,Gulbarga,17,55.6,4.9,69.6,55,51.5,24.2,18.9,24.7,28.8,13,55.2,28.1,42.3,14.9,17.1,94.3,1,0.7,4,95.2,86.3,26.5,22.6
Karnataka,Bidar,15.5,54.3,4.4,65.3,52.3,39.3,34.7,19.7,25.3,17.3,9.3,72.2,41,63.6,44.4,25,95.4,0.7,0.6,3.5,96.1,95.7,35.8,28
Karnataka,Raichur,8.1,52,7.6,73.8,49.4,60.3,19.1,19.5,23.9,22.3,14.8,65.4,33.3,46.4,53.3,28.6,97.3,0.8,0.9,1,94.7,89.3,22.3,20.8
Karnataka,Koppal,8.5,37,7.9,55.8,37.8,44.4,23.4,19.8,25.7,14.1,9.9,68.5,43.4,45.8,37,16.7,93.8,2.2,0.3,3.7,95.5,98.9,40.2,27.2
Karnataka,Gadag,27.4,85,5.8,65,42.6,31.6,24.9,19.3,26.1,18.4,6.7,69.2,47.2,50,32.5,32.4,93.7,1.8,1.6,2.9,98.2,91.6,26.2,23.7
Karnataka,Dharwad,51.5,78.5,19.3,88.1,60.1,31.3,29.4,20.2,26.3,13.1,3,69.9,66.4,55.6,53.8,44.8,94.5,1,1.3,3.1,95.7,91.7,53.8,38.8
Karnataka,Uttara kannada,52.8,84.9,11.5,86.4,49.8,19.6,33.3,22.5,29,5.3,2.4,71,55.6,60.3,35.5,42.3,94.8,0.3,1.5,3.4,94.4,61.3,63.6,37.1
Karnataka,Haveri,23.5,67,9.5,74.6,51.2,30.1,30.8,20.4,26.7,10.5,3.4,73.5,59.5,47,36.4,21.6,94.7,1.8,0.9,2.6,95.1,95.4,49.9,27.1
Karnataka,Bellary,17.7,67.2,5.6,69,60.1,47.9,23.1,19.4,24.4,20.9,10.2,71.2,57.3,31.8,63.2,27.3,92,0.7,1.5,5.8,97.8,90.7,44.6,38.2
Karnataka,Chitradurga,20.2,62,7.8,66.8,41.1,30.4,37.5,20.9,26.4,9.9,8.4,69.3,54.2,62.5,44.4,50,96.1,0.8,0.3,2.9,95,98.9,44.6,38.6
Karnataka,Devangere,31,70.8,14.2,74.6,53.5,30.1,37.9,21.2,27.2,7,5.4,73.3,59.6,63.6,65.2,44.4,92.8,1.2,1.5,4.5,96.1,99,60.1,43.4
Karnataka,Shimoga,34.1,81,12.8,66.5,48.7,20.9,39.7,22.2,28.1,4,4.3,73.4,65.1,63.3,37.5,30.3,94.9,0.7,2.1,2.3,95.5,81.8,74.3,50.1
Karnataka,Udupi,38.1,85,10.5,69.5,66.9,11.6,45.1,24.3,30.2,0.9,0.9,46,46.1,49.2,58.3,33.3,98.7,0,0.5,0.8,96.9,57.6,84.6,80
Karnataka,Chickmanglur,22.8,60.2,22.1,76.3,54.6,22.4,37.9,22.4,27.1,4.7,6.1,65.9,56.4,68.9,66.7,63.6,96.2,0.6,0.6,2.5,96.3,92.5,59.7,43.2
Karnataka,Tumkur,26.4,79.6,7.2,77.8,47.2,19.3,50.5,20.8,27.3,11,3.1,70.1,42.9,28,37.5,15,89.8,1,3,6.1,97.6,96.9,54.5,55.9
Karnataka,Kolar,7.8,44.7,7,69,47.3,33.5,37.8,20.1,26.3,13.1,6.3,74.9,66.4,77.3,25,55.6,96.3,1.1,0.4,2.3,98.4,99,49.5,43.8
Karnataka,Banglore,16.2,83.2,11.4,80,50,20.5,48.7,20.8,26.7,11.8,4.1,58.6,42,40.5,40,40,92.9,0,2.6,4.6,98.9,97.9,89.4,80.5
Karnataka,Banglore Rural,39.4,64.6,10,79.8,62.8,21.5,46.4,21,27,6.7,3.9,63.2,49.4,52,36.8,31.4,91.9,1.1,2.4,4.7,98.3,99.4,77.2,59.6
Karnataka,Mandya,32.3,79.2,18.5,78.7,47.1,23.9,42.3,20.6,27.9,11.1,1.8,68.9,47.5,40,27.3,41.4,94.6,2.2,1.3,1.9,95.3,98.4,53.5,53.4
Karnataka,Hassan,59.6,90.9,24.9,89.6,55.9,20.4,42.5,22.1,27.2,3.3,3.6,65.6,57.4,63.6,60,52,91.4,1.6,1.6,5.5,92.6,95.5,67.6,52.4
Karnataka,Dakshina Kannada,48,83,9.1,82.3,56.2,10.2,42.8,23.5,29,1.1,2.2,47.9,33.3,37,46.2,33.3,95.8,0.2,1.6,2.4,97.6,76.7,96.4,52
Karnataka,Kodagu,42.3,69.6,19.7,76.4,37.9,12.3,54,22.2,28.4,1.1,3.9,75.5,73.9,73.3,55.6,59.1,98.5,0.4,0,1.1,94.5,88.8,90.1,57.2
Karnataka,Mysore,31.2,58.9,9.6,80.4,60.1,30.5,35,20.7,27.6,10.3,4.9,72.1,64.8,61.8,76.9,64.3,95.1,0.9,0.9,3.1,97.8,98.9,59.1,57.9
Karnataka,Chamaranjangar,20.6,68.3,8.4,70.4,36.4,37.5,27.7,20.7,26.7,16.9,5,77,57.7,77.8,40,26.7,96.4,1.7,0.8,1.1,96.2,99.5,47.8,57.9
Karnataka,Ramanagara,14,51.2,13.4,71.9,59.8,28.7,35.4,20.9,26.6,10.2,3.3,63,47.9,53.7,44,37.8,97,0.2,0.7,2.1,97.4,99,62.7,47.3
Karnataka,Chikkaballarpura,11.1,42,6.9,57.4,44.5,32.1,33.7,19.8,25.8,10.7,7,74,54.4,57.1,84.2,47.8,96.6,0.8,0.8,1.8,98.1,98.9,50,42.2
Karnataka,Yadgir,13.9,43.4,3.5,74.3,50.1,65.5,14.5,18.5,24,36.4,19.1,63.3,34.1,42.5,55,37.5,96.3,1.3,0.7,1.7,95.6,97.5,17.5,18.5
Kerala,Kasaragod,25.4,47.5,21.4,59.8,50.2,22.9,46.6,21.9,28.5,3.8,1.4,60.3,52.4,66.7,0,0,95.7,0.4,1.6,2.3,98,87.4,97.9,33.3
Kerala,Kannur,53.1,47.5,9.4,59.5,44,8,61,22.7,28.5,0,1.5,37.9,17.6,0,0,0,92.5,3,2.2,2.2,98.7,90.9,98.7,19.5
Kerala,Wayanad,26.3,71.3,4.9,47.7,45.9,1.8,65.1,22.3,27.6,2.4,0.9,64.6,65.9,50,0,0,94.6,1.8,0,3.6,98.1,96.5,99.8,16.9
Kerala,Kozhikode,51.9,85.6,12.1,59.6,49.7,0.4,63.5,22.2,28.6,2.3,0,60.7,50.6,46.3,0,0,92.6,0.2,2.2,5,99.3,97.2,99.7,24.6
Kerala,Malappuram,37.8,66.4,7.2,39.1,29.1,12.2,69.3,20,26.2,26.3,4.8,39.5,24.5,26.7,0,0,95.8,0,0.8,3.5,98.7,96.3,99.7,76.4
Kerala,Palakkad,46.9,71.8,15.7,36,16.2,4.3,93.8,21.1,19.5,0,0,77.8,71.4,100,0,0,92.3,0,3.8,3.8,99.4,99.7,99.7,97.8
Kerala,Thrissur,53,84.1,4.9,46.5,32.4,2.3,75.1,23,28.7,1.3,0.5,48.1,30.2,6.3,0,0,98.4,0,0,1.6,99.1,94.9,99.2,68.1
Kerala,Ernakulam,31.3,71.6,13.3,46.6,39.3,1.1,74.7,23.4,28.5,0.8,0,34.8,32.5,66.7,0,0,98.1,0.8,0.8,0.4,99.6,94.5,99.1,57.5
Kerala,Idukki,46.5,62.4,14.3,64.1,85.5,12.2,70.2,22.7,0,0,0,0,0,0,0,0,0,0,0,0,96.7,90.1,87.7,36
Kerala,Kottayam,54,87.1,3.7,50.4,39.1,1.9,81.6,24.4,29,3.9,0.7,59.2,45,33.3,0,0,89.1,0.9,5,5,99.5,87.7,99.1,60.5
Kerala,Alappuzha,65.9,89,11.5,52,31.5,1.5,67.9,24,28.7,0,0,65.5,54.3,73.7,0,0,96.1,0.4,1.3,2.2,99.2,94,98.7,56.7
Kerala,Pathanamthitta,72.6,89.9,12.5,76.6,83.1,3,88.4,19.8,26.1,0,4.1,62.5,100,0,0,0,62.2,2.7,21.6,13.5,99.4,67.9,88.5,44.3
Kerala,Kollam,73.5,91,16.2,58.1,39,0.4,64.9,23,29,0.5,0,53.8,38.7,34.9,0,0,93.2,0,3.7,3.1,98.5,92.5,99.3,58.1
Kerala,Thiruvananthapuram,33.1,87.8,1.7,51.8,42.3,0.4,73.9,22.4,28.8,1.1,0,51.6,48.7,77.8,0,0,94.5,0.2,2,3.3,98.8,93.5,99.3,69.6
Maharashtra,Nandurbar,21.4,57.5,11.9,66,52.1,37.7,35.4,20.1,24.1,11.4,12.8,63.2,42.9,42.1,73.7,44.1,93.2,1.3,1.7,3.8,86.6,94.2,47.7,47.6
Maharashtra,Dhule,17,56.1,8.6,74.4,45.8,34.3,33,19.4,24.4,17,13.5,75.1,49.3,31.6,65.4,38.5,94.2,1.2,2.4,2.2,95.6,97.7,41.7,48.7
Maharashtra,Jalgaon,5.8,51.1,5,67,47.9,26,33.1,19.1,24.2,14.2,7.3,60.3,37.7,42.9,60,45.5,96.9,0.6,0.8,1.7,96.6,97.8,42.1,53
Maharashtra,Buldana,14.8,53.7,16.1,57.8,28.9,20.5,39.9,19.6,24.3,9.5,8.5,61.6,49.1,47.8,52.2,40,94.8,1.2,1.5,2.5,97.6,96,47.9,37.1
Maharashtra,Akola,30.5,65.4,23.8,70.4,43.2,11,45.6,20.5,25.9,3.4,5.7,59.4,35.3,46.2,24.1,23.6,92.9,1.5,2.7,2.9,95.4,98.4,52.2,44
Maharashtra,Washim,20,56.4,19.1,65,30,17.6,38.3,19,25.1,16.2,7.1,64.3,33.3,36.1,50,13.6,94.6,2.2,1.6,1.6,96.5,87.4,52,43.6
Maharashtra,Amravati,39.2,70.2,28,72,40.8,8.3,47.1,20.2,27,4.2,7.1,68.7,51.5,50.6,59.6,37.7,89.9,2,4,4.1,95.2,98.2,65.8,40.3
Maharashtra,Wardha,19.6,62.4,14.3,76.2,48.7,8,65,21.1,27.4,1.1,1.7,68.1,59,69.4,72.7,64.4,96.3,0.7,0.2,2.8,96.5,97.6,57.2,50.6
Maharashtra,Nagpur,18.2,63.7,23.3,79.1,54,8.4,58,21.8,26.6,0.7,4.1,66.4,57.7,64.1,61.9,50.8,88.9,1.5,6.2,3.4,96.3,97.4,74.7,60.4
Maharashtra,Bhandara,11.1,48.6,17.5,69.8,44.8,9.8,60.9,21.4,26.7,1,2.9,77.8,66.7,58.3,81.8,41.7,96.4,0.3,0.6,2.7,97.6,95.8,69.6,48.2
Maharashtra,Gondiya,14.7,57.4,20,71.6,45.4,9.2,62.9,20.4,23.9,0,5,68.1,61.3,63.5,66.7,38.6,94.5,0.9,0.9,3.7,94.4,92.1,65.6,46.1
Maharashtra,Gadchiroli,16.7,58.4,10.3,74.2,45.4,24.8,43.9,21.3,25.7,4,8.1,74.9,52.9,70,54.5,59.1,93.8,2,1,3.2,88.5,90.8,51.2,44.9
Maharashtra,Chandrapur,16.6,62.6,12.3,72.4,44.4,18.2,44.8,20.8,26.8,1.4,1.8,72,60.6,45.5,58.8,50,93.5,1.7,1.5,3.3,93.9,94,54.1,45
Maharashtra,Yavatmal,19.4,63.1,17.6,73.6,42.2,15.8,39.8,20.5,25.2,3.8,5,52.3,40.8,43.2,43.8,17.3,93,2,2.2,2.5,90.6,93.8,49.5,44.7
Maharashtra,Nanded,14.4,48.3,11.4,49.1,28.3,36,29.7,18.9,23.3,21.1,17.5,65.4,40.4,75,61.5,44.4,98,1,0.5,0.5,96.6,98.5,41.9,34.4
Maharashtra,Hingoli,6.1,30.9,6.3,49.8,34.1,32.3,31.1,19,23.7,20.7,17.6,53.8,29.6,50,58.3,0,97.4,1.4,0,1.2,96.8,96.5,51.3,33.6
Maharashtra,Parbhani,15.2,54.9,22.5,47.5,20.8,31.4,27.7,19.2,23.6,17.3,17.5,56.1,42,47.8,40.7,53.3,97.2,0.5,1.6,0.7,93,96.8,48.7,35.6
Maharashtra,Jalna,15.9,51.3,9.6,64.9,46.6,31.8,28.3,18.4,23.5,26.6,17.2,62.1,34.8,36.2,45.5,30.7,91,1.5,2.4,5,93.1,82.7,48.8,33.3
Maharashtra,Aurangabad,29.4,63.3,23,72.3,43.8,23.4,39.3,18.5,23.9,30.4,14,45.4,36.3,35.5,83.5,32.5,89.2,1.5,4.3,5,94.7,96.2,59.3,48.5
Maharashtra,Nashik,29.8,72.2,10.6,71,49,23.2,36.3,20,24.7,7.6,9.4,68.4,50.8,50,73.5,65.5,94.2,1.2,2,2.6,96.3,91.4,55.3,57.9
Maharashtra,Thane,22,60,13.6,62.3,38.3,21.4,48.3,21.4,25.7,1.3,9.8,60.6,43.5,41.3,66.7,37.5,96.4,0.3,0.3,3,98.2,88.4,69.9,66
Maharashtra,Mumbai (Suburban),33.5,80.7,8.8,70.6,48.8,13.7,56.1,22.4,25.8,4.7,8.2,52,55.8,63.2,46.2,52.9,95.5,0.6,0.8,3.1,99.5,99.5,85.9,88.5
Maharashtra,Mumbai ,40.2,85.8,11,72.3,50.4,7.8,62.7,24.3,27.2,0,3.9,48.1,45,69.2,100,83.3,95.1,1.2,3.1,0.6,99.9,99.9,91.4,94.7
Maharashtra,Raigarh,21.6,66.7,11.6,76.2,48.8,15,38.3,21.3,26.6,2.9,6.4,100,34.3,42.3,27.3,45.5,94.4,0.6,2.4,2.6,98.9,94.1,78.4,71.8
Maharashtra,Pune,28.2,77.2,10.6,83,57,10.8,48.4,21.2,25.5,5.6,7.7,46.1,34.8,17.2,58.3,40,95.2,1.3,1.9,1.7,98.1,96,83.4,78.8
Maharashtra,Ahmadnagar,10.9,59.3,7.9,68.5,52.8,21.6,62.4,19.3,24.1,20.5,12.8,57.8,47.3,52.5,42.1,33.3,96.7,0.5,0.6,2.2,92.8,87.1,51.3,42.7
Maharashtra,Bid,14.9,47.1,7.1,49.7,42.4,29.5,40.4,18.6,23.4,24.7,13.3,60.6,50,50,70.6,50,92.9,1.1,1.9,4.1,98.1,94.8,51,42.9
Maharashtra,Latur,19.5,55.9,15.8,54,41.1,24.2,39.1,19.1,23.6,16.4,14.8,50.5,34.8,38.5,39.1,21.4,94.2,0.2,3,2.7,97.6,98.9,50,40.1
Maharashtra,Osmanabad,14,62.9,10.5,57.5,26.1,24.7,58.9,19.4,24.4,18.2,10.6,63.3,36.8,100,60,83.3,97.8,0.2,0.2,1.8,93.9,98.5,42,40.3
Maharashtra,Solapur,19.9,57,7.7,74.6,50.7,26.8,34.6,19.2,25,22.5,9.9,64.7,29.2,41.4,55.6,34.8,93.3,1,2.1,3.6,94.9,96.1,62.9,52.4
Maharashtra,Satara,22.4,65.9,12.6,78.3,53.2,7.4,35.4,21.5,27,3.6,4,36.5,27,25,35,25,94.9,0.7,1.5,2.9,97.9,98.4,77.9,67.9
Maharashtra,Ratnagiri,15.4,56.4,153,77.9,58.3,9.7,33,22.4,26.7,0,4.1,48.3,50,51.4,61.1,53.1,96.2,0,1.7,2,98.2,94.4,84.2,59.6
Maharashtra,Sindhudurg,13.8,62.5,19.2,81.7,54.1,7.3,55.4,23,28.3,3,1.8,71.7,59.2,42.3,83.3,46.7,93,1.2,3.3,2.4,99.3,75.9,88.3,54.8
Maharashtra,Kolhapur,16.4,62.2,17.7,81.2,51.4,13.1,51.7,20.2,25.9,6.8,4.6,50,38.1,37.8,46.7,35.5,95.3,0.5,1.7,2.5,98.4,97.1,82.2,59.5
Maharashtra,Sangli,21.9,63.6,12.6,66.9,50,17.4,44.3,20.1,25,13.3,6.2,63.6,42,41.7,55,37.5,97,1.3,0.6,1.1,96.6,95.3,79.7,54.8
Manipur,Senapati,18.2,92.2,18.8,56.4,27,27.9,26.8,22.9,25.3,5.5,13,73.4,64,40,83.3,50,94.7,1.2,1.2,2.9,73.3,33.8,68.1,8.5
Manipur,Tamenglong,16.1,84.2,18.8,59.5,34.2,48.4,13.8,22.7,26.4,5.2,10.8,87.5,100,75,100,50,96,1.1,0.4,2.6,66.9,59.7,73,10.3
Manipur,Churachandpur,14.7,89,15.6,61.5,27.1,13.6,27.4,22.4,25.1,9.4,8.8,68.3,47.8,0,40,20,95.4,1.4,0.9,2.3,66,56.6,71,21.4
Manipur,Bishnupur,54.6,99.1,17.6,83,54.5,25.6,43.3,24.1,26.2,8.1,13,82.7,77.8,66.7,78.5,41.7,88.2,0.7,6.6,4.5,81,51.7,83.8,29.6
Manipur,Thoubal,70.2,99.4,15.5,82.9,59.2,30.4,38.5,23.1,26.6,9.2,6.9,72.6,61,40,50,42.8,91.3,0.9,4.3,3.4,50,47.3,73.3,29.3
Manipur,Imphal West  ,69.5,99.4,15.6,85.7,64.5,18.7,56.6,25.9,27.2,5.6,7.3,65.4,56.7,55.6,71.4,35.7,94.6,0.3,2.8,2.3,84.1,78.2,90.6,61.5
Manipur,Imphal East  ,54.4,97.5,20.6,77.8,52.9,26.2,47.7,25.4,27.8,4.5,9.7,78.1,74.7,56,71.4,35.7,93,0.4,3.4,3.1,75.1,60.4,78.5,37.2
Manipur,Ukhrul,9.7,97,10,44.3,28.6,7.1,45,23.3,27.9,6.5,5.7,45.7,31.3,28.6,11.1,33.3,92.2,0.8,1.3,5.7,41.2,51,76.4,8
Manipur,Chandel,55.8,98.9,13.9,59.9,37.3,29.2,22.8,21.3,25.9,15.6,11.5,69.7,57.1,33.3,50,0,89.6,0.4,2.8,7.2,69.3,54.2,68.2,14.9
Meghalaya,West Garo Hills,9.3,18.9,8,53,6.8,48,19.5,22.9,23.4,0,33.3,95.8,100,100,100,100,100,0,0,0,73.7,82.2,48,8
Meghalaya,East Garo Hills,9.4,21.1,7.9,49.7,15.8,59.3,23.4,22.3,23.4,12.8,28.6,93.1,84.4,83.3,100,70,99.1,0.5,0,0.4,69.7,56.2,40.8,6.6
Meghalaya,South Garo Hills,12.4,20.6,8.3,46.3,5.6,34.6,11.7,23,23.4,0,0,94.4,0,0,0,0,100,0,0,0,96,92.8,77.6,9
Meghalaya,West Khasi Hills,3.4,18.9,4.2,32.1,5.9,28.2,10,23.4,28.7,0,0,76.9,60,66.7,20,0,97.7,0.3,0.3,1.6,98,84.7,84.5,4
Meghalaya,Ri Bhoi,4.9,32.1,18.2,23.9,4.8,41.5,13.8,23,23.7,6.3,12.5,86.3,82,85,100,80,98,0.8,0,1.2,87.8,79.3,72.1,7.9
Meghalaya,East Khasi Hills,5.7,47.1,8.8,33.6,11.1,14.1,33.1,25.8,30.8,0,0,70.1,55.6,100,100,66.7,98.5,1,0,0.5,98.7,93.4,83,37.8
Meghalaya,Jaintia Hills,5.1,32.1,10.4,16.3,2.3,38.1,16.4,23.5,27,0,16.7,83.1,71.4,65.2,33.3,72.7,97.7,0,0,2.3,89.6,75.4,66.8,10.2
Mizoram,Mamit,33.1,78.8,14.5,59.3,37.9,15.8,20.9,22.2,26.2,2.2,11.3,98.9,86.7,88.9,80,100,99.4,0.2,0,0.4,88.9,62.5,87.4,29.3
Mizoram,Kolasib,23.8,90.4,25.3,79.7,55.2,9.8,23.2,23.2,25.4,5.2,15.6,98.5,81.8,75,45.5,57.1,98.5,0.5,0,1,95.4,83.4,83.4,54.6
Mizoram,Aizawl,44.5,97.9,16,79,58,1.8,48.2,24.6,27.4,3.5,8.7,91.6,55,78.6,75,45.5,99.6,0,0.2,0.2,99.7,94.9,97.1,80.3
Mizoram,Champhai,26.5,93.6,15.4,59,48.5,2.2,25.2,22.5,25.9,9.7,20,99.4,87,100,100,80,99.1,0.5,0.2,0.2,99.4,92.1,94.6,33.6
Mizoram,Serchhip,27.5,97.4,35,79.7,56,0.6,25.4,23.9,26.9,4.3,7.2,98.7,86.4,75,63.6,60,98.2,0.8,0,1,99.1,90.9,89,39.2
Mizoram,Lunglei,30.3,70.7,14.5,72.2,41.3,17.7,27.5,23.4,27.1,6.4,11.9,96.5,74.5,77.8,75,72.7,99.4,0,0,0.6,88.2,80.6,83.1,46.7
Mizoram,Lawngtlai,14.5,39.7,32.1,60.4,43.8,44.1,11.1,21.5,24.1,13.6,23,81.8,45.9,42.9,72,36.7,95.8,1.4,0,2.7,35.6,52.4,46.2,26.5
Mizoram,Saiha,27.1,82.2,23.2,68.9,39.7,6.6,38.8,21.7,23,8.2,22.1,95.4,72.4,73.3,76.2,62.1,94.4,4.6,0.1,0.9,88.7,89.3,93.3,59
Nagaland,Mon,10.7,63.8,8.9,22.5,8.4,17.9,13.3,22.4,27.4,10.5,12,96.9,100,100,0,100,97.8,1.6,0.5,0,96.9,64.8,75.3,6.3
Nagaland,Tuensang,25.3,85.6,7.5,40.3,19.4,18.7,16,22.5,26.9,0,7.4,64.3,50,75,100,60,99.2,0.6,0.2,0,99.6,80.1,79.4,6.9
Nagaland,Mokokchung,18.5,87.1,27,51.3,34.8,6.3,31.1,25.1,29.2,2.9,4.7,86.9,55.6,22.2,0,100,99,1,0,0,100,73.8,95.2,32.8
Nagaland,Zunheboto,8.8,76.1,3.5,39.6,15.8,11.4,24.7,25.8,27.7,0,0,70.6,83.3,50,0,0,96,2,2,0,100,57.9,82.7,13.6
Nagaland,Wokha,15.1,69.7,8.6,27.3,13,6.1,23.9,23,26.2,0,13.2,60,57.1,80,0,0,99,1,0,0,94.6,56.6,79.6,14.5
Nagaland,Dimapur,25.7,86,22.1,47.2,25.7,19.8,32.7,21.3,26.7,13.3,5.7,47.1,38.5,36.4,36.4,18.2,92.4,1.7,2.8,3,97.6,56.6,90.7,14.5
Nagaland,Kohima,18.9,83.9,11.4,59.3,40.9,11,36.6,25.7,29.7,2.3,7.5,77.8,73.3,100,0,60,98.5,0.5,1,0,99.3,79.7,91.3,39
Nagaland,Phek,9.9,67.7,7.3,35,11.2,12,24.3,25.8,26.3,0,3.8,71.4,33.3,0,0,0,100,0,0,0,99.9,84.2,87.6,17.4
Nagaland,Kiphire,7.2,62.4,5.8,49.9,17.8,17.2,20.3,26.8,27.3,0,2.9,80,100,0,0,0,92.3,7.7,0,0,99.4,86,82.8,3.1
Nagaland,Longleng,12.6,83.5,5.8,38.6,8,10.3,21.4,25.6,26.6,0,1.3,92.3,100,0,0,0,97.8,0,1.1,1.1,81.7,32.3,66.9,2.4
Nagaland,Paren,4,68.8,3.6,16.6,10,20.7,16.9,22.2,23.7,8.1,14.9,79.4,33.3,100,0,0,96.1,1.9,0.6,1.3,95.6,73,77.3,13.3
Pudducherry,Yanam,5.7,49.3,8.5,64.3,37.2,23.7,41.3,20.9,25.9,13.4,5.8,61.3,51.6,22.2,0,57.1,98.1,0,0,1.9,99.7,100,95.2,93.9
Pudducherry,Pondicherry,23.7,80.4,8.7,61.9,43.1,15.9,54.1,23,28.3,2.7,3.9,81.4,75.8,60,100,57.1,98.1,0,1.6,0.3,99.5,99.2,68.6,76.1
Pudducherry,Mahe,62.4,90.4,2.4,70,42.6,0.5,85.1,23.6,29.9,1,0,30.8,21.3,33.3,33.3,18.2,91.7,0.6,2.1,5.6,99.8,97.9,99.7,55.4
Pudducherry,Karaikal,8.7,79.5,14.9,51.4,31.4,9.2,47.2,23.4,28.1,4.5,3.5,72.4,49.3,62.5,80,61.5,98.3,0.5,0,1.2,98.9,99.2,69.5,65.6
Punjab,Gurdaspur,43.8,88.5,7,63.1,27.7,21.6,49.6,22.1,25.9,3.3,8.4,61.8,43.6,25,70,63.6,95,0.6,1.3,3.2,99.8,99.9,83.8,59.6
Punjab, Amritsar,57.2,91,4.4,49.9,30.7,25.6,46.5,21.9,24.9,1.9,8,65.5,36.1,50,61.5,100,97.5,0.6,0.6,1.2,99.6,99.8,89.9,67.4
Punjab,Kapurthala,42.6,86,10.2,52.9,27.7,25.2,49.5,22.6,25.9,2.3,5.2,68.1,49.1,70,25,25,97.5,0.6,0.6,1.2,99.9,99.7,96.2,72.6
Punjab, Jalandhar,62.1,91,4.7,59,29.9,20.2,51.2,20.9,26.1,2,5.2,69.6,62.7,45,58.3,100,96.6,0.6,0.3,2.5,99.5,99.7,94.4,75.7
Punjab,Hoshiarpur,52.9,96.3,8.3,73.9,27.7,10.4,59.7,23.2,26.5,0,5.1,51.4,46.5,30.8,21.1,40,93.5,1.4,1,4.1,99.2,99.1,84.3,60.1
Punjab,Shahid Bhagat Singh Nagar,58.7,95,10.4,69,27.5,16,52.2,23.8,26.8,0.6,7.1,40.4,42.9,29.4,82.4,100,94.7,1.8,0.3,3.3,99.5,99.6,87.9,60.6
Punjab,Rupnagar,53.3,94.8,12.8,64.8,23.8,14.9,52.1,22.6,25.6,1.6,4.5,68.2,56,63.6,55.6,33.3,96,1,0.6,2.4,99.7,98.4,83.7,57
Punjab,Fatehgarh Sahib,54.6,85.5,8.2,50.4,19,21.9,45,22.7,24.9,2,10,63.8,49.5,60,23.5,22.2,95.2,1.3,1.2,2.3,99.6,99.6,92,60.1
Punjab,Ludhiana,24.9,75.1,7.3,51.1,21.2,22.5,45.7,22.1,25,3.4,9.3,46.2,31,21.4,14.3,33.3,96.4,1.5,0.6,1.5,99.2,99.2,88.8,60.4
Punjab,Moga,13.5,66.1,7.9,48.2,18.7,34.5,37.8,21.7,25,3.4,13.1,43.9,32.6,40,11.1,10,94.7,0.9,1,3.4,98.6,96.1,91.8,43.6
Punjab,Firozpur,13.2,48.4,7.9,30,14.9,40.2,31.2,20.7,22.6,6,21,44.4,32.2,40.5,11.1,13,92.8,1.4,2.2,3.5,97.6,97.7,81.5,42.2
Punjab,Muktsar,16.7,58.8,8.1,47.4,13.1,42,29.3,21,23.1,7.1,19,41.3,21.4,35,4.8,14.9,94.1,1.1,1,3.8,98.2,94.2,83.4,42
Punjab,Faridkot,15.4,69,12.8,45,13.5,33.8,36.1,21.1,24.2,8.1,14.6,62.3,42.5,64,25,20,90.9,1.3,2.7,5.2,99,96,85.1,48.8
Punjab,Bhathinda,13.2,58.5,11.1,40,16.7,36.1,38.2,21.7,23.8,7,15.5,47.4,33.7,40,8.3,28.2,92.4,1,1.4,5.3,98.5,97.7,83.2,46.2
Punjab,Mansa,7.1,42.2,10.9,35.6,8.2,43.5,30.3,20.9,22.5,4.1,18.6,55.4,43.6,57.1,26.7,29.1,93.5,0.9,1.9,3.8,97.6,97.1,77.4,33.3
Punjab,Sangrur,9.5,56,10.2,45.5,23.2,37.2,36.7,22.1,24.2,4.7,12.9,57.5,32.6,46.7,75,38.5,95.1,0.6,0.6,3.6,98.3,98.6,88.9,49.7
Punjab,Patiala,31.4,75.6,9.1,47.4,25.3,33.7,40.1,22.1,24.2,3.7,13.2,68.6,57.6,71.4,57.7,23.1,97.1,0.5,0.5,1.8,99.6,99.8,88.8,59.7
Punjab,SAS Nagar,69.5,89.3,6.4,57.8,28.1,15,60,22.2,24.9,0,5.6,76.7,65.6,66.7,66.7,50,92.3,1.4,0.9,5.4,99.6,99.7,90.3,74.2
Punjab,Barnala,20.3,69.1,8.6,45.6,14.3,32.7,39.3,21.5,24.9,4.8,11.6,53.9,44.1,45.2,31.6,88,94.8,1.7,0.9,2.5,98.9,99.4,86,47.9
Punjab,Taran Taran,37.8,82,9.5,48.6,29.5,45.1,31.8,21,24.4,6.3,18.4,71.2,47.9,46.2,66.7,0,98.2,1,0,0.8,99.6,99,88.3,53.7
Sikkim,North,20.1,66,7.2,37,35.4,26.9,19.5,22.9,24.6,5,18.3,97.4,91.2,66.7,0,0,98.7,0,0.7,0.7,97.1,70.6,93.9,33.2
Sikkim,West,22.2,67.5,12.6,32.3,24,21.8,21.1,22.9,24.2,9.1,16.8,97.5,96.2,94.4,0,0,97.9,0.9,0.6,0.6,98,71.9,95,27.1
Sikkim,South,15.2,71.3,17,37.5,27.8,20.4,23.2,22,25.1,12.3,18.6,97.4,90.7,87.5,0,0,98.7,0,1,0.3,96,82.1,93.4,28.6
Sikkim,East,23,82.1,5.8,51.9,28.1,15.8,33.1,23.1,24.3,8.2,11.8,82.5,70,100,0,0,100,0,0,0,99.2,86.4,94.5,72.7
Tamil Nadu,Thiruvallur ,7.7,50.1,8.9,41.1,33.8,32.9,40.6,22.4,26.1,5,4.3,90.9,76.3,75,33.3,100,99.5,0.2,0.2,0,99.2,98.7,66.1,77.5
Tamil Nadu,Chennai ,8.6,71.1,4.5,55.9,35.5,14.2,57,23.2,27.8,2.2,1.6,67,53.3,70,66.7,62.5,99.7,0,0.3,0,99.5,97.6,92.9,95.2
Tamil Nadu,Khancheepuram ,9.4,53.2,4,49,32.7,50.8,29,21.9,26.7,2.1,3.5,81.7,60,36.4,100,73.3,100,0,0,0,99.4,98.4,59.2,65.8
Tamil Nadu,Vellore ,4.5,48.2,10.7,41.1,31.5,36.9,29.1,21.4,27,8.8,5.6,79.6,74.3,76.5,100,46.2,98.1,1.1,0.7,0,99,99.3,51.5,62.1
Tamil Nadu,Dharmapuri ,6.7,49.7,3.5,65.6,36.9,42.8,33,20.7,26,9.6,5.9,81.2,73.9,72.7,57.1,30,99,0.8,0,0.2,98.1,98.3,37.4,52.7
Tamil Nadu,Tiruvannamalai ,4.7,48.5,8.6,29.9,21.5,42.9,31.1,21.9,26.8,11.6,4.9,84.7,72.7,66.7,100,85.7,100,0,0,0,97.9,98.8,40.4,56.2
Tamil Nadu,Viluppuram ,6.3,39.4,4.5,56.1,34.2,45.5,28.2,21.5,26.8,8.5,3.9,90.4,79.3,77.8,100,57.1,99.7,0.3,0,0,97.8,98,39.1,51.4
Tamil Nadu,Salem ,6.8,57,6.6,40.3,29.8,43.9,31.3,21,26.4,9.2,6.6,70.6,88.4,40,75,50,99,0.3,0.5,0.3,96.3,98.2,48.6,67.4
Tamil Nadu,Namakkal ,6.7,62.6,4.2,58.2,40.9,35.4,32.3,21.7,26.5,4.1,7.6,71.3,51.9,37.5,50,54.5,99.1,0.3,0.6,0,98.8,98.1,51.9,68.3
Tamil Nadu,Erode ,6.2,62,5.8,46.7,37.2,34.7,47.5,22.5,26.9,5,3.5,59,53.6,28.6,57.1,35,99.4,0.3,0,0.3,95.5,97.1,60,74.3
Tamil Nadu,Nilgiris ,13.6,65.3,5.2,42.5,30.5,25.2,47.5,27.9,23.1,2.3,2.3,71.9,55.9,75,60,60,95.8,0.8,1.3,2.1,96.5,97.5,64,52.1
Tamil Nadu,Coimbatore ,8.9,50.3,11.4,48.9,31,41,31.1,22.1,27.2,3.9,3.7,74.9,76.9,83.3,20,33.3,97.3,0.7,0.7,1.4,98.3,99.2,55.2,71
Tamil Nadu,Dindigul ,26.9,67,11.4,55.3,42.8,29.9,34.8,21.4,26.2,8.9,6.8,74.3,53,68,66.7,53.8,92,2.1,1.6,4.3,96.9,98.7,37.8,52.6
Tamil Nadu,Karur ,8,69.2,17.3,46.2,37.3,31.4,33.8,20.3,25.4,8.1,4.6,76,60.5,56.1,90.9,72.7,94.1,1.8,1.5,2.6,97.7,97.5,38.1,54.4
Tamil Nadu,Tiruchirappalli ,7.7,59.8,24.1,38.6,41.2,26,41,22.2,24.5,2.8,3.2,72.9,51.5,54.8,50,33.3,92.1,2.1,2.1,3.8,97,97.7,53.6,53
Tamil Nadu,Perambalur ,11.1,71.4,2,50.9,37.3,29.7,40.5,21.5,27.4,6.2,4.9,68.8,62.2,36.4,0,3.6,98,1,0.3,0.7,97.7,96.3,40.8,62.1
Tamil Nadu,Ariyalur ,7,55.6,17.3,49.6,31.1,32.9,34.5,22.4,27.6,6,2.7,75.7,70.2,52.3,20,34.5,90.7,2.7,2.1,4.5,96.5,98.5,33.6,37.8
Tamil Nadu,Cuddalore ,15.3,60.5,17.5,43.7,26.3,34.7,33.1,22.3,26.3,4,4.8,78.4,64.9,65.8,72.2,48.4,95.7,1.1,0.3,3,98.5,98.5,40.8,44.9
Tamil Nadu,Nagapattinam ,12.8,69,9.9,52.3,36.8,21.2,39.6,23.2,28.9,1.3,1.2,74,52.6,50,56.3,50,98,0.7,0.4,0.9,98.1,97.7,52,48.5
Tamil Nadu,Thiruvarur ,10,38.5,13.8,67.7,33.6,24.6,35.1,22.8,28.5,3.3,3.1,72.9,64.4,63,50,57.9,97.1,1.2,0.8,0.8,95.5,97,48.3,42.4
Tamil Nadu,Thanjavur ,8.6,65.4,15.6,40.5,34.5,22.5,35.1,22.7,29.2,4.2,1.3,74.9,65,53.8,76.5,53.3,95.6,1.3,1.5,1.5,94.3,97.4,47.9,40.1
Tamil Nadu,Pudukkottai,7.3,53,14.5,57.3,44.6,33.2,38.5,22.1,27.6,6.1,2.6,86.3,79.8,72.7,33.3,61.9,91.5,6.4,0.7,1.4,97.7,91.4,37.2,34.5
Tamil Nadu,Sivaganga,18.2,68.4,9.3,44.9,34.9,22.2,42.3,21.9,27.1,5.6,2,74,62.3,55.9,47.4,48.3,95.9,1.3,1.6,1.1,96.1,92.7,51.3,43.6
Tamil Nadu,Madurai,5,69.4,12.5,32.3,35.8,31.1,35.4,22,27,4.2,2.3,81.6,63.8,64.3,85.7,87.5,95.9,1.7,1.4,1,96.3,95.9,55.2,59.2
Tamil Nadu,Theni,12.1,58.6,9,48.7,31.7,36.8,33.4,21.3,26.8,8,4.2,80.1,69,69.2,100,60,99.2,0.4,0,0.4,97.9,99,53.4,67.3
Tamil Nadu,Virudhunagar,8.8,48.2,12.8,55.4,36.7,37.2,30.3,21.4,27,5.4,3.5,80.3,64.4,59.1,77.8,66.7,92.5,3.1,2.5,1.9,98.3,98.7,37.5,64.4
Tamil Nadu,Ramanathapuram ,5.6,60.2,15.2,34.8,26.5,30,32.8,22,27,5.5,3.4,64.8,68.7,58.8,41.2,33.3,98.5,0.8,0.4,0.4,94.9,89.2,44.6,42.4
Tamil Nadu,Thoothukkudi ,6.7,45.3,5.4,44.4,37.8,35.3,27.6,22.3,27.7,5.2,1.6,73.6,57.1,60,66.7,50,97.9,0.9,0.3,0.9,98.3,94.4,57,59.1
Tamil Nadu,Thirunelveli ,13.9,73.3,16.4,41,27.9,20.3,32.8,22.9,28.2,1.8,0.5,68.9,75.8,55.6,33.3,20,97.3,0.3,0.8,1.6,97.1,98.2,58.3,66
Tamil Nadu,Kanniyakumari ,14.2,71.8,7,55.6,33.3,9.8,58.2,23.9,28.7,0,0.5,46.1,23.3,37.5,50,36.4,96.7,1.6,1.6,0,98.6,95.1,95.5,52.5
Tamil Nadu,Krishnagiri ,10.7,54.4,5.7,51.9,41.5,40.2,35.3,20.8,25.9,7.1,5.1,71.8,66.7,57.1,50,58.6,97.7,1.2,0.7,0.4,98.6,93.8,51.8,60.6
Tamil Nadu,Tiruppur ,3.7,59.4,3.6,47.9,34.3,33.8,28.2,21.5,26.7,3.6,6.3,66.1,61.8,38.5,25,29.4,99.6,0.4,0,0,96.9,96.6,62,78.4
Telangana,Adilabad,17.6,63.4,12.1,64.9,53.1,54.2,26.6,20.8,24.4,6.6,9.9,36.1,40,28.6,23.8,29.4,96.3,0.9,0.2,2.6,99.9,97.9,37.1,47.1
Telangana,Nizamabad,28.8,72.7,6.6,71.5,56.5,48.6,32.2,20.8,24.4,2,13.3,43.5,46.7,72.4,66.7,66.7,98.7,0.7,0,0.7,99,99.1,61.4,60.9
Telangana,Karimnagar,29.1,80.7,19.1,72.9,46.3,37.7,40.4,20.5,24.3,8.7,11.3,28.8,21.3,23.3,11.1,0,97.2,0.5,0.8,1.5,98.7,96.7,75.2,71.4
Telangana,Medak,18.9,81.1,9.2,38.7,47.1,58.8,24.9,19.5,24,18,14.2,40.2,29.4,0,71.4,33.3,99.6,0.2,0,0.2,99.5,99,65.9,58
Telangana,Hyderabad,34.8,83.9,16.2,61.7,51.6,24.3,59.3,20.5,26.4,1.8,3.2,20.2,21.1,22.7,25,28.6,96.4,1.6,0.3,1.6,99.7,99,90.6,95.8
Telangana,Rangareddi,19.6,71.5,18.5,74.5,39.4,47.7,31.1,19.4,24.4,8.8,5.6,41.6,37.3,35.2,44.4,15.4,98.2,0.4,0,1.5,99.3,99.6,64.7,63.6
Telangana,Mahbubnagar,19.2,68.8,18.2,77,39,55.5,32.4,20.1,24.6,8.3,7.5,37.5,31,26.9,37.5,10,99.3,0.7,0,0,99.3,99.2,58.6,60.8
Telangana,Nalgonda,32.3,79.9,12.5,73.3,53.1,43.6,37,19.5,23.5,8.9,15.9,38.3,34.8,40,55.6,10,98.9,0.3,0,0.8,99.3,97.8,63.6,67.9
Telangana,Warangal,20.1,79.5,34.9,59,55,51,30.7,19.1,23.1,14.3,7.2,44.1,31.9,28.2,0,21.4,96.3,1.1,0.3,2.3,97,94.2,48,49.8
Telangana,Khammam,42.6,85.8,18.4,55.7,47.1,50.6,29.9,20.4,24.6,11.9,18.9,41.4,28.3,27.3,33.3,50,98.7,0.6,0,0.6,99.1,99.5,68.5,70.7
Tripura,West Tripura,34.1,65.7,5.8,29.1,5.3,15.6,27,20.4,26.1,14,12.9,70.9,69.9,90.5,33.3,72.7,98.1,0.6,1.3,0,95.3,97,90,35.2
Tripura,South Tripura,36.6,57.1,8.7,25,5.2,19.7,20.9,21.1,25.8,24.8,14.7,69.7,60.2,100,80,60,99.2,0.6,0,0.3,91.3,87.9,81.2,17.9
Tripura,Dhalai,80.7,81.4,15.5,32.5,4.8,15.1,20.3,20.4,25.7,21.5,15.2,79.9,73.4,100,100,70.4,99,0.5,0.5,0,84.8,74,74.9,10.9
Tripura,North Tripura,94.3,88.7,16.5,41.5,5.2,12.1,22.6,20.9,26.2,17.1,12.4,66.2,74.8,97.3,90,44.4,99.8,0,0.2,0,84.4,65,71.6,20
West Bengal,Darjeeling,57.1,86.5,12.8,44,17.9,25.1,26.2,21.5,26.2,10.2,10.7,67.8,60,67.5,83.3,52,91.4,0.5,3.4,4.7,95.8,79.6,76.4,48.2
West Bengal,Jalpaiguri,63.1,80.1,19.7,56.9,9.5,27.3,26.3,21.4,26.8,16.9,8.8,11.4,69,62.7,33.3,39.3,92.9,0.7,2,4.4,82.9,87.4,76.8,33.1
West Bengal,Koch Bihar,83.3,90.9,12.7,62.3,10.2,23.2,28.1,19.9,27,31.5,11.7,82.5,51.7,47.1,66.7,37.1,96.3,0.3,1.6,1.8,86.4,98.6,87.9,40.8
West Bengal,Uttar Dinajpur,53.5,83,10,36.4,8.7,36.5,23.3,19.4,25.6,31.4,13.9,78.1,27.1,34.1,35.3,15.1,87.5,2.2,5.1,5.2,84.3,95.8,56.5,28.9
West Bengal,Dakhin Dinajpur,27.1,42.3,9.6,23.9,4,29.5,23.5,19.4,25.9,32.1,18.8,91.8,48.4,62.1,42.9,24.1,96.1,1.2,0.6,2.1,85.5,99.6,69.6,29
West Bengal,Maldah,58.3,79.5,34.5,19.5,5.3,29.2,29.6,19.2,25.4,25.8,18,74.2,53,54.9,50,39.3,100,0,0,0,88.7,91.4,74.8,35.8
West Bengal,Murshidabad,77.1,84.1,12.8,47.9,10,30.4,18.7,18.3,24.4,39.1,24.6,86.4,52.2,57.1,31.3,34.8,94.5,2.2,0.5,2.7,86.5,99.5,62.2,20.6
West Bengal,Birbhum,17.2,31.7,22.1,18.4,8.2,35.4,26.1,18.5,23.9,35.2,25.7,74.5,53.8,72.7,66.7,37,97.4,0.5,0.9,1.2,93.3,96.9,54.6,28.4
West Bengal,Barddhaman,22.9,47.3,15.5,36.4,9.2,34.7,22.5,18.7,25.4,34.3,15.1,69.3,42.6,50.9,50,11.4,93.3,1.2,2.8,2.7,89.2,97.5,64.4,21.7
West Bengal,Nadia,14.5,34.8,19.8,18.4,5.1,27.5,18.3,19.3,26.2,31.2,10.5,78.2,44.4,60,28.6,22.6,94.8,0.8,1.5,2.9,88.3,99.5,82.9,20.5
West Bengal,North 24 parganas,19.7,43.4,24.7,41.1,12.6,21.9,25.8,19.8,26.5,29.7,13.4,82.8,58.8,57.7,16.7,28.6,91.2,1.1,3.7,4,92.4,99.7,89.4,40.2
West Bengal,Hugli,18.2,65.7,9.6,28.9,9.4,20.1,30.5,19.7,26.9,25,7,78.1,36.9,35.5,37.5,25,96.5,2,0.5,1,91.8,100,79.4,37.9
West Bengal,Bankura,12.4,41.5,6.1,23.6,2.9,33.2,24.4,18.5,24.9,40,13.3,89.6,45.3,72,80,40.9,95.6,0.5,2.7,1.2,84.8,95.1,47.7,27.4
West Bengal,Puruliya,13,32.7,7.5,46.2,14.4,41.8,22.4,19.5,24.4,30.7,14,79.3,50,36,57.1,36,94.8,1,1.9,2.2,81.6,85.9,36.7,25.2
West Bengal,Paschim Medinipur,55.1,70.6,13.1,57.6,7.8,24.7,32.5,19.4,26.8,39.2,10.3,78.6,57.1,50,46.2,65,95,1.3,1.3,1.8,89.6,94.7,69.3,34.2
West Bengal,Haora,36.1,89.1,3.5,14.7,8.4,18.8,29.1,20.3,26.7,20.6,11.5,77.1,34.9,50,60,31.8,95.1,1,1.3,2.6,96.9,100,84.4,41.3
West Bengal,Kolkata,52.7,82.5,21.2,58.5,26,13.6,49.9,23.4,28.3,8.5,6.5,64.1,62.5,50,66.7,43.5,92.2,0.5,0.9,6.4,98.8,99.2,96.4,78.7
West Bengal,South 24 Parganas,21,53.7,12.1,47.7,8.7,22.9,22.8,19,24.4,29.1,21.3,82.2,52.1,59,72.7,29.3,92.8,0.6,3.2,3.4,84.2,99.9,82.1,30.5
